{
  "project_info": {
    "project_number": "135254239765",
    "project_id": "login-register-ec67d",
    "storage_bucket": "login-register-ec67d.appspot.com"
  },
  "client": [
    {
      "client_info": {
        "mobilesdk_app_id": "1:135254239765:android:75857be1b217997e78bc1c",
        "android_client_info": {
          "package_name": "com.example.myapp"
        }
      },
      "oauth_client": [],
      "api_key": [
        {
          "current_key": "AIzaSyCfBBz_qwO_hroTkLN18RUhI5WsBYnxvWM"
        }
      ],
      "services": {
        "appinvite_service": {
          "other_platform_oauth_client": []
        }
      }
    }
  ],
  "configuration_version": "1"
}